id_user,tag_1,tag_2,tag_3,tag_4,tag_5
1,Productivity,Photography,Technology,Audio,Books
2,Games,Food,Video,Sports,Music
3,Music,Parenting,Fitness,Food,Home
4,Lifestyle,Drink,Fashion,Books,Video
5,Lifestyle,Management,Parenting,Food,Drink
6,Fitness,Sales,Video,Beauty,Tools
7,Science,Vehicles,Fitness,Business,Beauty
8,Communication,Business,Games,Lifestyle,Science
9,Environment,Social,Audio,Fitness,Management
10,Parenting,Home,Beauty,Design,Social
11,Management,Travel,Lifestyle,Fashion,Tools
12,Business,Communication,Audio,Sports,Food
13,Communication,Design,Business,Health,Music
14,Design,Art,Productivity,Home,Fashion
15,Design,Books,Food,Educational,Science
16,Management,Communication,Science,Design,Fashion
17,Productivity,Food,Creativity,Social,Fitness
18,Health,Audio,Sports,Games,Drink
19,Science,Beauty,Audio,Sales,Design
20,Lifestyle,Business,Books,Creativity,Photography
21,Health,Educational,Art,Tools,Games
22,Educational,Management,Video,Business,Vehicles
23,Entertainment,Photography,Communication,Technology,Books
24,Music,Business,Home,Photography,Beauty
25,Video,Health,Design,Parenting,Technology
26,Tools,Travel,Art,Drink,Vehicles
27,Environment,Music,Entertainment,Technology,Fashion
28,Science,Sports,Sales,Drink,Photography
29,Audio,Science,Sports,Environment,Food
30,Parenting,Creativity,Fitness,Management,Games
31,Vehicles,Art,Travel,Management,Fitness
32,Environment,Beauty,Food,Audio,Science
33,Vehicles,Video,Business,Home,Travel
34,Sales,Parenting,Vehicles,Educational,Environment
35,Home,Travel,Science,Environment,Creativity
36,Creativity,Fashion,Home,Food,Fitness
37,Art,Sports,Sales,Environment,Travel
38,Entertainment,Tools,Lifestyle,Sales,Food
39,Lifestyle,Games,Music,Vehicles,Fashion
40,Lifestyle,Beauty,Design,Audio,Management
41,Home,Health,Games,Sales,Photography
42,Audio,Educational,Food,Music,Fashion
43,Communication,Creativity,Environment,Audio,Productivity
44,Health,Beauty,Educational,Design,Audio
45,Travel,Productivity,Creativity,Music,Health
46,Food,Design,Games,Educational,Music
47,Vehicles,Video,Sales,Music,Lifestyle
48,Creativity,Beauty,Management,Travel,Lifestyle
49,Social,Video,Photography,Vehicles,Parenting
50,Beauty,Games,Creativity,Sports,Music
51,Drink,Sales,Technology,Art,Books
52,Educational,Drink,Design,Music,Parenting
53,Home,Social,Business,Technology,Sports
54,Fitness,Design,Parenting,Management,Video
55,Parenting,Vehicles,Business,Design,Video
56,Vehicles,Tools,Productivity,Video,Social
57,Productivity,Business,Books,Games,Audio
58,Productivity,Creativity,Social,Business,Science
59,Technology,Health,Art,Sports,Audio
60,Design,Creativity,Tools,Audio,Social
61,Technology,Lifestyle,Fitness,Educational,Audio
62,Video,Design,Books,Management,Entertainment
63,Home,Lifestyle,Sales,Art,Photography
64,Parenting,Social,Lifestyle,Health,Books
65,Science,Travel,Video,Lifestyle,Drink
66,Parenting,Drink,Food,Art,Music
67,Creativity,Technology,Photography,Travel,Environment
68,Travel,Communication,Environment,Beauty,Art
69,Environment,Social,Educational,Communication,Music
70,Vehicles,Business,Food,Travel,Books
71,Beauty,Vehicles,Productivity,Art,Management
72,Photography,Food,Business,Technology,Sports
73,Fitness,Games,Travel,Technology,Beauty
74,Games,Fitness,Photography,Drink,Business
75,Books,Productivity,Social,Video,Vehicles
76,Food,Science,Sports,Home,Technology
77,Educational,Management,Vehicles,Productivity,Social
78,Home,Technology,Creativity,Parenting,Environment
79,Social,Travel,Games,Drink,Video
80,Parenting,Food,Business,Art,Productivity
81,Home,Management,Photography,Science,Health
82,Photography,Health,Environment,Fitness,Fashion
83,Lifestyle,Creativity,Music,Travel,Productivity
84,Fitness,Creativity,Technology,Home,Communication
85,Fashion,Communication,Beauty,Audio,Sales
86,Drink,Vehicles,Music,Games,Art
87,Entertainment,Video,Health,Audio,Sales
88,Music,Social,Fitness,Business,Vehicles
89,Parenting,Drink,Creativity,Video,Health
90,Communication,Audio,Environment,Creativity,Music
91,Art,Food,Educational,Video,Design
92,Travel,Communication,Health,Home,Drink
93,Fitness,Music,Books,Art,Social
94,Management,Science,Educational,Health,Fitness
95,Fitness,Books,Fashion,Beauty,Science
96,Drink,Video,Educational,Parenting,Home
97,Music,Business,Social,Technology,Home
98,Fitness,Photography,Books,Video,Music
99,Books,Technology,Home,Health,Fitness
100,Lifestyle,Creativity,Educational,Food,Video
101,Lifestyle,Video,Science,Social,Sports
102,Social,Beauty,Audio,Home,Lifestyle
103,Management,Productivity,Technology,Business,Sports
104,Lifestyle,Environment,Photography,Design,Social
105,Parenting,Social,Entertainment,Beauty,Communication
106,Music,Books,Management,Educational,Environment
107,Beauty,Fashion,Sports,Parenting,Fitness
108,Lifestyle,Educational,Video,Books,Design
109,Books,Beauty,Video,Home,Management
110,Parenting,Business,Fitness,Art,Books
111,Audio,Photography,Design,Sports,Tools
112,Productivity,Sports,Parenting,Health,Games
113,Fashion,Technology,Creativity,Design,Communication
114,Science,Health,Sports,Productivity,Business
115,Social,Travel,Fashion,Books,Art
116,Health,Social,Vehicles,Technology,Environment
117,Sales,Home,Design,Art,Beauty
118,Home,Productivity,Tools,Social,Drink
119,Productivity,Art,Health,Travel,Vehicles
120,Communication,Environment,Sports,Fashion,Food
121,Beauty,Vehicles,Parenting,Educational,Video
122,Games,Drink,Video,Fitness,Art
123,Art,Creativity,Home,Audio,Communication
124,Entertainment,Parenting,Tools,Creativity,Productivity
125,Creativity,Educational,Music,Beauty,Science
126,Productivity,Lifestyle,Educational,Entertainment,Sports
127,Tools,Parenting,Communication,Beauty,Home
128,Audio,Vehicles,Video,Home,Music
129,Food,Entertainment,Home,Management,Lifestyle
130,Science,Art,Lifestyle,Fitness,Photography
131,Creativity,Art,Vehicles,Business,Social
132,Creativity,Science,Educational,Photography,Drink
133,Sports,Tools,Video,Communication,Vehicles
134,Technology,Environment,Social,Parenting,Tools
135,Communication,Photography,Travel,Environment,Home
136,Fitness,Food,Social,Sports,Audio
137,Science,Social,Lifestyle,Video,Food
138,Technology,Music,Vehicles,Productivity,Games
139,Business,Management,Health,Communication,Drink
140,Social,Books,Educational,Technology,Fitness
141,Drink,Sports,Vehicles,Tools,Lifestyle
142,Vehicles,Drink,Photography,Parenting,Fitness
143,Food,Travel,Design,Books,Fitness
144,Sports,Design,Fitness,Books,Business
145,Food,Books,Management,Communication,Sports
146,Music,Productivity,Business,Vehicles,Sports
147,Business,Technology,Fashion,Design,Educational
148,Fashion,Music,Sales,Travel,Communication
149,Vehicles,Fashion,Entertainment,Fitness,Video
150,Lifestyle,Business,Technology,Educational,Travel
151,Books,Social,Audio,Design,Beauty
152,Creativity,Parenting,Fashion,Art,Lifestyle
153,Tools,Drink,Sales,Technology,Management
154,Entertainment,Home,Creativity,Productivity,Audio
155,Entertainment,Home,Music,Educational,Books
156,Management,Fitness,Lifestyle,Design,Educational
157,Beauty,Games,Fashion,Business,Parenting
158,Communication,Social,Technology,Drink,Design
159,Tools,Fitness,Beauty,Art,Books
160,Travel,Audio,Vehicles,Books,Home
161,Video,Audio,Social,Lifestyle,Home
162,Parenting,Management,Sales,Travel,Tools
163,Games,Social,Communication,Entertainment,Lifestyle
164,Beauty,Art,Tools,Creativity,Design
165,Home,Business,Educational,Audio,Drink
166,Games,Communication,Technology,Fitness,Art
167,Drink,Health,Audio,Sales,Communication
168,Fashion,Books,Entertainment,Home,Video
169,Tools,Photography,Business,Music,Travel
170,Books,Educational,Games,Travel,Audio
171,Social,Art,Science,Audio,Educational
172,Creativity,Educational,Art,Tools,Design
173,Food,Entertainment,Social,Management,Sales
174,Entertainment,Social,Business,Productivity,Design
175,Fitness,Health,Environment,Beauty,Travel
176,Technology,Science,Management,Lifestyle,Beauty
177,Music,Health,Books,Drink,Travel
178,Parenting,Music,Home,Video,Lifestyle
179,Social,Home,Vehicles,Environment,Art
180,Creativity,Games,Video,Fitness,Audio
181,Science,Food,Business,Vehicles,Art
182,Games,Fitness,Technology,Lifestyle,Tools
183,Science,Management,Fashion,Communication,Health
184,Technology,Video,Art,Drink,Tools
185,Travel,Books,Business,Environment,Management
186,Science,Educational,Drink,Fitness,Fashion
187,Games,Drink,Home,Food,Educational
188,Food,Technology,Music,Fitness,Games
189,Fashion,Drink,Environment,Communication,Business
190,Photography,Communication,Management,Fashion,Design
191,Technology,Fitness,Parenting,Drink,Music
192,Science,Design,Productivity,Business,Lifestyle
193,Fashion,Environment,Tools,Fitness,Management
194,Sports,Technology,Tools,Video,Communication
195,Parenting,Travel,Beauty,Productivity,Books
196,Games,Entertainment,Art,Technology,Science
197,Educational,Art,Sales,Entertainment,Environment
198,Management,Social,Fashion,Lifestyle,Communication
199,Beauty,Home,Lifestyle,Food,Creativity
200,Drink,Fashion,Beauty,Photography,Sales
201,Beauty,Educational,Productivity,Video,Sports
202,Business,Games,Food,Photography,Books
203,Design,Games,Food,Science,Health
204,Sales,Environment,Educational,Tools,Science
205,Environment,Vehicles,Music,Design,Parenting
206,Fitness,Management,Sports,Design,Sales
207,Entertainment,Vehicles,Travel,Food,Productivity
208,Music,Educational,Food,Business,Tools
209,Environment,Drink,Travel,Business,Educational
210,Health,Fashion,Communication,Lifestyle,Tools
211,Travel,Vehicles,Drink,Sports,Lifestyle
212,Audio,Fitness,Drink,Productivity,Social
213,Sports,Fashion,Lifestyle,Sales,Fitness
214,Science,Productivity,Educational,Games,Books
215,Lifestyle,Food,Fashion,Technology,Social
216,Parenting,Science,Home,Technology,Health
217,Drink,Audio,Home,Communication,Productivity
218,Management,Music,Health,Environment,Parenting
219,Video,Business,Parenting,Social,Science
220,Productivity,Environment,Sports,Parenting,Video
221,Fitness,Sports,Sales,Technology,Health
222,Parenting,Creativity,Sports,Art,Design
223,Educational,Science,Audio,Sales,Parenting
224,Science,Books,Video,Design,Games
225,Lifestyle,Entertainment,Travel,Science,Fashion
226,Social,Productivity,Communication,Tools,Educational
227,Tools,Technology,Art,Design,Food
228,Communication,Food,Technology,Management,Video
229,Communication,Creativity,Books,Video,Fitness
230,Music,Social,Design,Beauty,Art
231,Social,Games,Video,Vehicles,Sports
232,Food,Music,Creativity,Technology,Business
233,Productivity,Tools,Technology,Home,Games
234,Vehicles,Technology,Photography,Video,Business
235,Entertainment,Technology,Science,Environment,Photography
236,Productivity,Management,Parenting,Tools,Sales
237,Beauty,Music,Technology,Lifestyle,Fitness
238,Creativity,Art,Science,Photography,Entertainment
239,Tools,Travel,Parenting,Video,Entertainment
240,Vehicles,Fashion,Communication,Books,Design
241,Art,Travel,Video,Vehicles,Lifestyle
242,Fashion,Video,Drink,Books,Art
243,Music,Beauty,Travel,Design,Productivity
244,Parenting,Home,Drink,Health,Music
245,Music,Sales,Fitness,Design,Fashion
246,Fashion,Games,Fitness,Art,Creativity
247,Health,Environment,Sales,Science,Sports
248,Management,Productivity,Creativity,Home,Beauty
249,Sales,Video,Fitness,Business,Food
250,Social,Creativity,Design,Audio,Travel
251,Health,Photography,Audio,Books,Parenting
252,Art,Science,Sports,Productivity,Environment
253,Tools,Science,Communication,Food,Lifestyle
254,Communication,Entertainment,Video,Sports,Productivity
255,Games,Science,Social,Home,Audio
256,Educational,Management,Sales,Photography,Productivity
257,Drink,Travel,Creativity,Audio,Fashion
258,Health,Tools,Technology,Science,Home
259,Parenting,Environment,Lifestyle,Technology,Games
260,Management,Drink,Design,Art,Educational
261,Educational,Home,Design,Productivity,Parenting
262,Books,Fashion,Home,Sales,Audio
263,Creativity,Art,Productivity,Food,Books
264,Parenting,Sales,Games,Fitness,Music
265,Educational,Health,Social,Tools,Productivity
266,Photography,Books,Tools,Communication,Travel
267,Health,Parenting,Entertainment,Art,Tools
268,Lifestyle,Drink,Home,Design,Technology
269,Home,Social,Management,Health,Games
270,Tools,Educational,Fashion,Social,Photography
271,Home,Educational,Environment,Games,Photography
272,Sports,Communication,Home,Design,Games
273,Art,Parenting,Sales,Social,Drink
274,Travel,Art,Environment,Vehicles,Fashion
275,Social,Drink,Sports,Vehicles,Productivity
276,Travel,Health,Science,Design,Environment
277,Productivity,Books,Home,Travel,Lifestyle
278,Productivity,Art,Creativity,Fitness,Games
279,Social,Entertainment,Fashion,Home,Communication
280,Educational,Games,Beauty,Entertainment,Management
281,Tools,Home,Social,Business,Fashion
282,Sports,Vehicles,Science,Lifestyle,Social
283,Environment,Drink,Communication,Educational,Games
284,Travel,Business,Educational,Music,Fashion
285,Beauty,Science,Tools,Health,Communication
286,Parenting,Audio,Books,Tools,Management
287,Environment,Sports,Vehicles,Creativity,Audio
288,Sports,Parenting,Sales,Educational,Communication
289,Educational,Creativity,Productivity,Management,Fitness
290,Drink,Vehicles,Sports,Books,Social
291,Books,Creativity,Games,Beauty,Vehicles
292,Vehicles,Travel,Photography,Lifestyle,Audio
293,Food,Entertainment,Travel,Games,Health
294,Fashion,Technology,Creativity,Environment,Social
295,Communication,Lifestyle,Creativity,Vehicles,Social
296,Beauty,Productivity,Fashion,Games,Health
297,Sales,Lifestyle,Entertainment,Art,Science
298,Creativity,Management,Photography,Tools,Design
299,Management,Vehicles,Art,Creativity,Science
300,Fitness,Entertainment,Travel,Home,Communication
301,Science,Books,Health,Travel,Business
302,Science,Technology,Beauty,Travel,Video
303,Food,Video,Music,Environment,Tools
304,Drink,Audio,Beauty,Management,Lifestyle
305,Fashion,Travel,Business,Environment,Art
306,Technology,Travel,Food,Health,Audio
307,Tools,Photography,Technology,Parenting,Fitness
308,Travel,Home,Sports,Sales,Fashion
309,Travel,Science,Environment,Entertainment,Vehicles
310,Video,Beauty,Design,Music,Management
311,Vehicles,Parenting,Home,Management,Communication
312,Environment,Health,Parenting,Lifestyle,Sports
313,Fitness,Educational,Fashion,Video,Sales
314,Parenting,Video,Sales,Technology,Fashion
315,Management,Business,Communication,Entertainment,Lifestyle
316,Drink,Educational,Science,Beauty,Communication
317,Books,Educational,Fitness,Video,Creativity
318,Creativity,Fitness,Science,Entertainment,Music
319,Science,Fashion,Sports,Games,Drink
320,Productivity,Food,Sales,Science,Entertainment
321,Communication,Science,Vehicles,Audio,Sports
322,Art,Games,Sales,Vehicles,Management
323,Music,Games,Photography,Environment,Vehicles
324,Fashion,Sales,Home,Sports,Music
325,Sales,Management,Sports,Parenting,Lifestyle
326,Lifestyle,Creativity,Drink,Beauty,Educational
327,Technology,Audio,Art,Sports,Vehicles
328,Social,Photography,Fashion,Environment,Fitness
329,Travel,Music,Business,Entertainment,Environment
330,Sports,Productivity,Audio,Art,Fashion
331,Games,Tools,Creativity,Home,Communication
332,Music,Video,Business,Travel,Social
333,Fashion,Photography,Design,Tools,Art
334,Video,Management,Books,Art,Games
335,Lifestyle,Social,Food,Environment,Health
336,Food,Communication,Fashion,Technology,Fitness
337,Food,Sports,Tools,Lifestyle,Environment
338,Art,Lifestyle,Games,Social,Business
339,Sales,Art,Health,Lifestyle,Fashion
340,Entertainment,Design,Parenting,Drink,Audio
341,Tools,Science,Communication,Social,Business
342,Communication,Productivity,Design,Travel,Parenting
343,Management,Food,Games,Business,Home
344,Science,Health,Games,Tools,Lifestyle
345,Design,Drink,Games,Tools,Audio
346,Health,Productivity,Science,Audio,Tools
347,Business,Sports,Music,Health,Tools
348,Music,Fitness,Environment,Sports,Beauty
349,Fitness,Environment,Photography,Lifestyle,Music
350,Games,Music,Art,Travel,Design
351,Travel,Sports,Communication,Management,Photography
352,Home,Drink,Art,Educational,Tools
353,Entertainment,Travel,Business,Management,Communication
354,Games,Fitness,Photography,Vehicles,Drink
355,Technology,Music,Beauty,Fitness,Art
356,Entertainment,Audio,Tools,Video,Design
357,Management,Business,Beauty,Entertainment,Vehicles
358,Design,Tools,Video,Books,Communication
359,Communication,Management,Art,Home,Fashion
360,Books,Social,Parenting,Educational,Management
361,Technology,Health,Fitness,Lifestyle,Educational
362,Home,Design,Fitness,Lifestyle,Parenting
363,Fashion,Books,Environment,Home,Sales
364,Science,Photography,Music,Lifestyle,Communication
365,Productivity,Educational,Business,Drink,Food
366,Fashion,Games,Photography,Environment,Beauty
367,Beauty,Fitness,Drink,Sports,Fashion
368,Books,Entertainment,Audio,Drink,Art
369,Tools,Books,Sales,Food,Social
370,Travel,Management,Beauty,Parenting,Creativity
371,Sports,Food,Drink,Fitness,Video
372,Business,Health,Food,Entertainment,Communication
373,Fitness,Vehicles,Entertainment,Educational,Parenting
374,Food,Environment,Home,Technology,Fashion
375,Drink,Social,Vehicles,Photography,Fashion
376,Design,Sports,Communication,Art,Travel
377,Travel,Photography,Lifestyle,Entertainment,Art
378,Design,Drink,Creativity,Music,Art
379,Games,Business,Books,Lifestyle,Management
380,Technology,Educational,Sports,Food,Travel
381,Science,Home,Audio,Video,Art
382,Food,Parenting,Video,Productivity,Fitness
383,Sales,Technology,Health,Sports,Productivity
384,Communication,Management,Educational,Fashion,Technology
385,Fitness,Design,Art,Travel,Technology
386,Health,Food,Lifestyle,Sports,Video
387,Travel,Management,Fashion,Food,Environment
388,Productivity,Home,Technology,Sales,Business
389,Vehicles,Communication,Educational,Photography,Technology
390,Audio,Vehicles,Design,Educational,Fitness
391,Vehicles,Video,Science,Audio,Fashion
392,Sales,Productivity,Science,Entertainment,Health
393,Drink,Books,Environment,Entertainment,Science
394,Entertainment,Travel,Games,Audio,Photography
395,Fashion,Social,Technology,Entertainment,Sales
396,Fashion,Health,Sales,Music,Lifestyle
397,Parenting,Management,Productivity,Educational,Audio
398,Sales,Games,Entertainment,Communication,Management
399,Entertainment,Food,Vehicles,Games,Books
400,Parenting,Lifestyle,Home,Environment,Art
401,Lifestyle,Sports,Entertainment,Video,Science
402,Communication,Travel,Productivity,Fashion,Music
403,Management,Creativity,Games,Video,Social
404,Tools,Productivity,Design,Communication,Books
405,Entertainment,Productivity,Communication,Educational,Sales
406,Games,Lifestyle,Tools,Science,Books
407,Design,Vehicles,Fashion,Business,Creativity
408,Fashion,Health,Food,Management,Vehicles
409,Sports,Educational,Beauty,Books,Management
410,Photography,Entertainment,Social,Audio,Educational
411,Environment,Parenting,Management,Science,Audio
412,Lifestyle,Creativity,Fashion,Video,Music
413,Audio,Sports,Sales,Drink,Music
414,Food,Sales,Audio,Parenting,Productivity
415,Productivity,Games,Parenting,Lifestyle,Business
416,Management,Beauty,Tools,Music,Sales
417,Creativity,Tools,Management,Travel,Social
418,Sports,Books,Lifestyle,Sales,Design
419,Photography,Communication,Management,Tools,Business
420,Food,Home,Communication,Drink,Tools
421,Technology,Business,Fitness,Design,Art
422,Art,Management,Books,Home,Food
423,Entertainment,Design,Home,Social,Productivity
424,Tools,Lifestyle,Educational,Audio,Vehicles
425,Travel,Technology,Design,Music,Productivity
426,Drink,Music,Sports,Technology,Entertainment
427,Fashion,Science,Fitness,Vehicles,Creativity
428,Audio,Sports,Games,Business,Technology
429,Sports,Travel,Health,Fashion,Environment
430,Music,Audio,Tools,Video,Beauty
431,Fashion,Educational,Tools,Travel,Food
432,Educational,Music,Technology,Creativity,Tools
433,Travel,Books,Games,Vehicles,Environment
434,Creativity,Sales,Design,Drink,Music
435,Management,Lifestyle,Social,Food,Games
436,Art,Design,Food,Parenting,Music
437,Music,Fitness,Sports,Design,Technology
438,Audio,Sales,Management,Fitness,Business
439,Photography,Vehicles,Video,Technology,Games
440,Health,Communication,Science,Technology,Entertainment
441,Health,Fashion,Social,Technology,Sales
442,Creativity,Books,Environment,Tools,Fashion
443,Productivity,Social,Educational,Technology,Entertainment
444,Audio,Sports,Home,Fashion,Management
445,Sales,Photography,Home,Creativity,Drink
446,Productivity,Parenting,Management,Science,Art
447,Communication,Educational,Travel,Art,Music
448,Travel,Music,Video,Design,Food
449,Environment,Games,Travel,Books,Photography
450,Entertainment,Photography,Sales,Drink,Food
451,Environment,Video,Travel,Business,Tools
452,Design,Fashion,Vehicles,Productivity,Lifestyle
453,Creativity,Travel,Sports,Video,Science
454,Communication,Music,Environment,Travel,Technology
455,Communication,Music,Tools,Books,Video
456,Entertainment,Educational,Home,Sales,Management
457,Social,Educational,Health,Lifestyle,Communication
458,Sports,Productivity,Vehicles,Technology,Photography
459,Design,Creativity,Sports,Parenting,Fitness
460,Fashion,Entertainment,Games,Design,Video
461,Art,Sports,Environment,Design,Science
462,Environment,Drink,Design,Sales,Vehicles
463,Sports,Tools,Fitness,Technology,Books
464,Entertainment,Business,Sales,Vehicles,Video
465,Art,Photography,Home,Fitness,Audio
466,Photography,Food,Vehicles,Health,Home
467,Creativity,Beauty,Environment,Lifestyle,Social
468,Sports,Fitness,Social,Management,Home
469,Management,Educational,Parenting,Food,Vehicles
470,Audio,Design,Photography,Music,Fitness
471,Art,Productivity,Design,Games,Home
472,Photography,Design,Management,Sports,Fitness
473,Home,Art,Entertainment,Games,Technology
474,Creativity,Management,Photography,Business,Home
475,Tools,Health,Social,Science,Photography
476,Entertainment,Technology,Productivity,Sports,Audio
477,Travel,Health,Books,Communication,Environment
478,Entertainment,Productivity,Communication,Technology,Business
479,Environment,Science,Photography,Sales,Social
480,Fitness,Beauty,Sports,Audio,Educational
481,Home,Social,Business,Photography,Productivity
482,Technology,Science,Design,Tools,Sports
483,Productivity,Art,Science,Creativity,Home
484,Beauty,Games,Drink,Creativity,Social
485,Design,Audio,Tools,Lifestyle,Social
486,Vehicles,Creativity,Technology,Sports,Fashion
487,Home,Science,Music,Social,Beauty
488,Entertainment,Design,Lifestyle,Home,Creativity
489,Food,Fitness,Games,Social,Vehicles
490,Vehicles,Beauty,Travel,Photography,Fitness
491,Home,Creativity,Health,Technology,Drink
492,Beauty,Games,Sports,Photography,Technology
493,Drink,Food,Technology,Social,Sports
494,Fitness,Design,Environment,Art,Social
495,Design,Games,Environment,Lifestyle,Technology
496,Sports,Communication,Travel,Educational,Home
497,Video,Parenting,Communication,Health,Beauty
498,Social,Art,Lifestyle,Beauty,Sports
499,Travel,Management,Parenting,Art,Fitness
500,Photography,Fashion,Educational,Health,Beauty
501,Communication,Vehicles,Lifestyle,Fashion,Productivity
502,Games,Design,Video,Art,Technology
503,Social,Sports,Communication,Lifestyle,Video
504,Art,Home,Vehicles,Audio,Entertainment
505,Drink,Audio,Social,Sales,Management
506,Beauty,Music,Home,Art,Health
507,Fitness,Creativity,Vehicles,Technology,Music
508,Sports,Technology,Management,Food,Design
509,Creativity,Food,Tools,Health,Design
510,Parenting,Productivity,Games,Environment,Business
511,Home,Fashion,Photography,Books,Vehicles
512,Travel,Fitness,Lifestyle,Environment,Tools
513,Drink,Food,Art,Music,Games
514,Audio,Fashion,Home,Vehicles,Sales
515,Photography,Technology,Video,Tools,Science
516,Art,Beauty,Travel,Home,Productivity
517,Design,Educational,Video,Business,Entertainment
518,Science,Art,Productivity,Home,Fashion
519,Social,Travel,Video,Vehicles,Games
520,Vehicles,Business,Fitness,Sales,Creativity
521,Games,Audio,Health,Fitness,Tools
522,Environment,Food,Productivity,Travel,Drink
523,Lifestyle,Travel,Fitness,Sales,Productivity
524,Beauty,Fashion,Science,Games,Lifestyle
525,Educational,Communication,Fashion,Lifestyle,Science
526,Environment,Books,Management,Social,Home
527,Science,Art,Home,Entertainment,Drink
528,Entertainment,Management,Games,Health,Communication
529,Sports,Audio,Home,Sales,Parenting
530,Travel,Technology,Fashion,Design,Art
531,Tools,Creativity,Art,Entertainment,Health
532,Parenting,Communication,Social,Educational,Travel
533,Audio,Educational,Music,Sports,Health
534,Fitness,Social,Music,Drink,Environment
535,Educational,Communication,Audio,Art,Tools
536,Home,Social,Communication,Fashion,Food
537,Creativity,Entertainment,Parenting,Health,Vehicles
538,Fitness,Business,Audio,Beauty,Lifestyle
539,Music,Design,Video,Art,Audio
540,Travel,Health,Communication,Beauty,Environment
541,Audio,Creativity,Home,Sales,Parenting
542,Food,Management,Fitness,Travel,Tools
543,Design,Fitness,Video,Science,Management
544,Travel,Vehicles,Audio,Books,Communication
545,Health,Books,Tools,Design,Technology
546,Social,Drink,Beauty,Audio,Technology
547,Communication,Home,Books,Technology,Beauty
548,Vehicles,Sports,Sales,Lifestyle,Tools
549,Creativity,Food,Educational,Lifestyle,Books
550,Parenting,Books,Fashion,Audio,Home
551,Sports,Productivity,Video,Lifestyle,Communication
552,Travel,Design,Video,Audio,Educational
553,Food,Health,Home,Art,Social
554,Communication,Tools,Sales,Management,Drink
555,Drink,Beauty,Social,Business,Music
556,Sports,Communication,Health,Photography,Fitness
557,Creativity,Educational,Health,Lifestyle,Games
558,Science,Sports,Technology,Creativity,Entertainment
559,Entertainment,Lifestyle,Travel,Art,Tools
560,Fitness,Photography,Video,Beauty,Creativity
561,Travel,Art,Business,Design,Home
562,Sales,Food,Fashion,Art,Creativity
563,Fashion,Vehicles,Science,Photography,Lifestyle
564,Tools,Parenting,Lifestyle,Art,Social
565,Travel,Art,Sales,Communication,Home
566,Sports,Food,Video,Technology,Design
567,Creativity,Productivity,Photography,Travel,Science
568,Science,Books,Lifestyle,Home,Tools
569,Parenting,Food,Vehicles,Fitness,Lifestyle
570,Parenting,Vehicles,Beauty,Science,Social
571,Sales,Creativity,Games,Art,Lifestyle
572,Environment,Educational,Lifestyle,Fashion,Beauty
573,Fashion,Video,Design,Photography,Food
574,Drink,Communication,Food,Sports,Social
575,Productivity,Sales,Business,Sports,Photography
576,Lifestyle,Science,Educational,Productivity,Sales
577,Drink,Sales,Travel,Vehicles,Home
578,Creativity,Drink,Photography,Lifestyle,Productivity
579,Tools,Home,Books,Technology,Games
580,Music,Games,Vehicles,Drink,Beauty
581,Games,Sales,Health,Management,Productivity
582,Fitness,Environment,Design,Business,Parenting
583,Fitness,Social,Environment,Tools,Science
584,Books,Fitness,Educational,Sales,Business
585,Vehicles,Lifestyle,Games,Photography,Entertainment
586,Science,Food,Art,Management,Travel
587,Video,Business,Sales,Audio,Photography
588,Photography,Parenting,Communication,Books,Video
589,Fitness,Photography,Science,Parenting,Vehicles
590,Travel,Tools,Sports,Creativity,Science
591,Entertainment,Audio,Design,Sales,Environment
592,Fitness,Health,Home,Productivity,Photography
593,Technology,Science,Audio,Communication,Tools
594,Games,Fashion,Technology,Parenting,Drink
595,Educational,Home,Parenting,Beauty,Fashion
596,Creativity,Productivity,Home,Sports,Music
597,Educational,Health,Beauty,Productivity,Games
598,Drink,Creativity,Books,Entertainment,Fitness
599,Social,Communication,Fashion,Sports,Design
600,Video,Social,Vehicles,Sports,Sales
601,Games,Video,Lifestyle,Music,Food
602,Lifestyle,Food,Sales,Technology,Books
603,Food,Sports,Entertainment,Drink,Productivity
604,Management,Entertainment,Drink,Books,Communication
605,Audio,Food,Environment,Travel,Technology
606,Fitness,Parenting,Vehicles,Educational,Video
607,Books,Sales,Business,Audio,Parenting
608,Vehicles,Communication,Art,Books,Educational
609,Home,Beauty,Books,Technology,Vehicles
610,Art,Games,Travel,Productivity,Tools
611,Vehicles,Beauty,Communication,Design,Sports
612,Photography,Audio,Books,Vehicles,Sports
613,Lifestyle,Sales,Tools,Educational,Social
614,Educational,Art,Sports,Fitness,Food
615,Photography,Art,Entertainment,Home,Parenting
616,Sales,Entertainment,Sports,Educational,Health
617,Music,Parenting,Technology,Business,Productivity
618,Vehicles,Environment,Fitness,Music,Photography
619,Productivity,Management,Technology,Photography,Business
620,Fashion,Parenting,Technology,Environment,Creativity
621,Educational,Games,Art,Travel,Business
622,Sales,Lifestyle,Design,Social,Fashion
623,Photography,Fashion,Science,Health,Business
624,Productivity,Games,Art,Video,Creativity
625,Music,Audio,Social,Lifestyle,Games
626,Books,Environment,Beauty,Fashion,Photography
627,Sales,Health,Games,Business,Science
628,Management,Sales,Business,Audio,Sports
629,Creativity,Home,Music,Beauty,Audio
630,Design,Drink,Vehicles,Music,Games
631,Home,Design,Audio,Management,Beauty
632,Environment,Business,Audio,Entertainment,Lifestyle
633,Creativity,Photography,Parenting,Science,Food
634,Educational,Creativity,Audio,Tools,Environment
635,Tools,Travel,Communication,Productivity,Science
636,Educational,Home,Video,Games,Entertainment
637,Travel,Photography,Creativity,Educational,Science
638,Sports,Entertainment,Books,Creativity,Sales
639,Design,Social,Productivity,Tools,Technology
640,Beauty,Sports,Home,Parenting,Business
641,Business,Sales,Audio,Games,Sports
642,Management,Lifestyle,Fitness,Communication,Vehicles
643,Social,Communication,Video,Creativity,Business
644,Environment,Fitness,Travel,Sales,Health
645,Tools,Technology,Art,Video,Sales
646,Travel,Environment,Sports,Entertainment,Design
647,Technology,Science,Travel,Environment,Social
648,Productivity,Sales,Games,Home,Parenting
649,Science,Communication,Entertainment,Travel,Parenting
650,Parenting,Music,Vehicles,Books,Audio
651,Creativity,Art,Parenting,Audio,Beauty
652,Books,Environment,Sales,Lifestyle,Technology
653,Lifestyle,Management,Business,Parenting,Travel
654,Photography,Food,Fitness,Fashion,Travel
655,Tools,Social,Educational,Science,Health
656,Health,Technology,Art,Vehicles,Games
657,Social,Lifestyle,Management,Photography,Books
658,Lifestyle,Fitness,Photography,Health,Drink
659,Travel,Business,Art,Beauty,Music
660,Food,Video,Entertainment,Science,Beauty
661,Communication,Photography,Educational,Social,Business
662,Creativity,Drink,Entertainment,Health,Management
663,Books,Technology,Audio,Photography,Games
664,Communication,Art,Home,Games,Travel
665,Food,Technology,Vehicles,Art,Management
666,Communication,Audio,Home,Sports,Photography
667,Environment,Lifestyle,Business,Technology,Travel
668,Music,Drink,Communication,Home,Art
669,Books,Technology,Environment,Travel,Productivity
670,Science,Video,Audio,Beauty,Parenting
671,Educational,Sales,Books,Food,Home
672,Lifestyle,Communication,Books,Social,Tools
673,Educational,Tools,Creativity,Art,Beauty
674,Health,Music,Entertainment,Productivity,Creativity
675,Sports,Food,Fashion,Home,Fitness
676,Communication,Home,Business,Educational,Parenting
677,Creativity,Management,Technology,Communication,Audio
678,Environment,Health,Fashion,Home,Social
679,Vehicles,Photography,Educational,Tools,Social
680,Photography,Fashion,Art,Beauty,Audio
681,Entertainment,Design,Sports,Health,Social
682,Technology,Productivity,Creativity,Business,Management
683,Fitness,Music,Books,Tools,Creativity
684,Productivity,Management,Social,Drink,Home
685,Drink,Sales,Business,Games,Sports
686,Tools,Video,Productivity,Music,Books
687,Social,Food,Business,Video,Health
688,Sports,Parenting,Design,Home,Entertainment
689,Photography,Creativity,Business,Management,Art
690,Food,Science,Educational,Audio,Tools
691,Parenting,Tools,Books,Travel,Games
692,Health,Productivity,Parenting,Educational,Food
693,Educational,Communication,Entertainment,Parenting,Sports
694,Drink,Travel,Fashion,Business,Sports
695,Educational,Business,Travel,Parenting,Video
696,Creativity,Fitness,Business,Vehicles,Educational
697,Social,Environment,Tools,Lifestyle,Fitness
698,Entertainment,Travel,Drink,Home,Audio
699,Music,Productivity,Audio,Social,Parenting
700,Tools,Photography,Music,Travel,Parenting
701,Photography,Art,Sales,Drink,Sports
702,Science,Music,Tools,Educational,Management
703,Travel,Art,Entertainment,Communication,Parenting
704,Drink,Video,Sales,Audio,Technology
705,Business,Creativity,Design,Communication,Vehicles
706,Management,Science,Productivity,Creativity,Music
707,Technology,Parenting,Productivity,Travel,Sales
708,Drink,Lifestyle,Communication,Productivity,Health
709,Fitness,Drink,Art,Beauty,Food
710,Vehicles,Tools,Drink,Communication,Video
711,Drink,Parenting,Photography,Science,Art
712,Productivity,Drink,Music,Lifestyle,Creativity
713,Beauty,Business,Art,Games,Vehicles
714,Technology,Sports,Parenting,Educational,Travel
715,Fashion,Fitness,Home,Environment,Entertainment
716,Beauty,Drink,Creativity,Communication,Fashion
717,Video,Fashion,Science,Lifestyle,Home
718,Fitness,Sales,Audio,Management,Productivity
719,Educational,Environment,Design,Beauty,Video
720,Productivity,Fashion,Vehicles,Drink,Parenting
721,Management,Vehicles,Educational,Photography,Video
722,Vehicles,Creativity,Drink,Food,Lifestyle
723,Sales,Parenting,Games,Vehicles,Books
724,Drink,Parenting,Sports,Music,Management
725,Fitness,Business,Books,Beauty,Communication
726,Creativity,Books,Science,Vehicles,Productivity
727,Photography,Music,Audio,Art,Educational
728,Audio,Fashion,Business,Social,Games
729,Art,Sales,Sports,Home,Social
730,Books,Creativity,Home,Food,Games
731,Health,Home,Technology,Drink,Games
732,Photography,Books,Management,Tools,Health
733,Tools,Photography,Technology,Audio,Educational
734,Food,Environment,Sales,Fashion,Parenting
735,Health,Management,Vehicles,Fashion,Design
736,Science,Drink,Environment,Art,Video
737,Environment,Books,Technology,Fitness,Communication
738,Photography,Food,Productivity,Business,Parenting
739,Vehicles,Productivity,Audio,Parenting,Sales
740,Parenting,Communication,Creativity,Lifestyle,Home
741,Beauty,Sales,Food,Fitness,Home
742,Sales,Management,Sports,Beauty,Music
743,Food,Vehicles,Productivity,Beauty,Drink
744,Communication,Social,Technology,Creativity,Vehicles
745,Vehicles,Art,Audio,Communication,Fitness
746,Beauty,Lifestyle,Environment,Tools,Technology
747,Creativity,Design,Sports,Tools,Music
748,Vehicles,Beauty,Food,Science,Social
749,Business,Design,Entertainment,Audio,Travel
750,Lifestyle,Home,Creativity,Fitness,Travel
751,Beauty,Fitness,Business,Travel,Health
752,Travel,Business,Creativity,Food,Environment
753,Music,Home,Business,Audio,Games
754,Management,Photography,Design,Vehicles,Art
755,Audio,Educational,Environment,Tools,Photography
756,Photography,Art,Video,Sports,Travel
757,Educational,Lifestyle,Vehicles,Video,Design
758,Sports,Science,Business,Environment,Drink
759,Food,Books,Drink,Video,Design
760,Business,Games,Entertainment,Science,Lifestyle
761,Audio,Environment,Music,Home,Games
762,Parenting,Books,Technology,Fashion,Travel
763,Business,Tools,Design,Drink,Books
764,Tools,Drink,Food,Science,Health
765,Vehicles,Home,Business,Science,Educational
766,Beauty,Entertainment,Tools,Books,Health
767,Home,Communication,Food,Video,Technology
768,Social,Sales,Art,Photography,Design
769,Travel,Communication,Sales,Vehicles,Science
770,Social,Environment,Sales,Health,Books
771,Entertainment,Social,Beauty,Art,Music
772,Home,Design,Communication,Music,Management
773,Communication,Technology,Games,Fashion,Parenting
774,Management,Environment,Video,Creativity,Design
775,Audio,Fashion,Food,Travel,Vehicles
776,Fitness,Video,Science,Tools,Art
777,Tools,Drink,Business,Books,Parenting
778,Environment,Design,Food,Drink,Games
779,Health,Food,Audio,Creativity,Photography
780,Tools,Creativity,Educational,Productivity,Parenting
781,Lifestyle,Design,Sales,Vehicles,Beauty
782,Photography,Productivity,Science,Beauty,Management
783,Fitness,Home,Science,Business,Vehicles
784,Music,Sales,Video,Environment,Photography
785,Lifestyle,Music,Technology,Fashion,Food
786,Vehicles,Productivity,Games,Photography,Beauty
787,Productivity,Communication,Beauty,Home,Design
788,Communication,Sports,Productivity,Health,Art
789,Productivity,Music,Science,Drink,Lifestyle
790,Music,Books,Beauty,Design,Sales
791,Fitness,Beauty,Video,Entertainment,Travel
792,Environment,Design,Sales,Productivity,Art
793,Home,Social,Beauty,Audio,Productivity
794,Health,Drink,Productivity,Creativity,Books
795,Photography,Games,Entertainment,Business,Home
796,Sales,Communication,Science,Entertainment,Design
797,Games,Design,Beauty,Music,Tools
798,Creativity,Communication,Books,Parenting,Music
799,Communication,Drink,Social,Health,Entertainment
800,Food,Music,Beauty,Video,Lifestyle
801,Audio,Music,Beauty,Health,Social
802,Parenting,Video,Food,Fashion,Communication
803,Creativity,Productivity,Communication,Fashion,Technology
804,Sales,Communication,Entertainment,Art,Home
805,Management,Video,Books,Audio,Technology
806,Video,Health,Food,Sports,Beauty
807,Tools,Parenting,Music,Games,Sports
808,Science,Games,Home,Travel,Communication
809,Tools,Social,Science,Health,Video
810,Environment,Vehicles,Books,Entertainment,Video
811,Drink,Educational,Lifestyle,Science,Games
812,Entertainment,Design,Fashion,Photography,Beauty
813,Sales,Tools,Games,Business,Photography
814,Parenting,Productivity,Creativity,Beauty,Food
815,Vehicles,Home,Drink,Art,Travel
816,Tools,Health,Books,Social,Parenting
817,Lifestyle,Music,Vehicles,Audio,Entertainment
818,Educational,Fitness,Creativity,Books,Parenting
819,Business,Audio,Drink,Art,Vehicles
820,Music,Environment,Communication,Food,Educational
821,Fashion,Beauty,Books,Games,Tools
822,Games,Audio,Vehicles,Social,Music
823,Travel,Sales,Beauty,Entertainment,Sports
824,Creativity,Communication,Entertainment,Business,Science
825,Educational,Food,Sports,Books,Creativity
826,Audio,Books,Productivity,Vehicles,Educational
827,Social,Art,Science,Parenting,Games
828,Audio,Travel,Entertainment,Games,Photography
829,Fitness,Fashion,Social,Business,Educational
830,Design,Drink,Science,Sales,Productivity
831,Social,Audio,Travel,Fashion,Entertainment
832,Environment,Drink,Sales,Educational,Audio
833,Fitness,Fashion,Music,Audio,Beauty
834,Drink,Audio,Entertainment,Communication,Art
835,Books,Home,Health,Social,Vehicles
836,Social,Business,Creativity,Communication,Books
837,Audio,Technology,Tools,Sales,Creativity
838,Audio,Sports,Science,Beauty,Tools
839,Vehicles,Games,Management,Books,Video
840,Art,Management,Business,Health,Drink
841,Music,Video,Health,Productivity,Food
842,Productivity,Sports,Design,Parenting,Video
843,Entertainment,Games,Creativity,Design,Science
844,Books,Social,Audio,Fashion,Entertainment
845,Art,Audio,Drink,Creativity,Entertainment
846,Management,Audio,Travel,Parenting,Sports
847,Video,Lifestyle,Sports,Science,Educational
848,Photography,Design,Environment,Lifestyle,Parenting
849,Photography,Travel,Business,Lifestyle,Management
850,Audio,Art,Communication,Educational,Sales
851,Business,Music,Drink,Educational,Productivity
852,Creativity,Entertainment,Art,Business,Video
853,Technology,Food,Environment,Fashion,Games
854,Creativity,Environment,Travel,Audio,Health
855,Sales,Entertainment,Science,Travel,Drink
856,Management,Social,Productivity,Tools,Educational
857,Sports,Technology,Creativity,Social,Video
858,Sports,Food,Lifestyle,Tools,Games
859,Environment,Beauty,Productivity,Entertainment,Science
860,Parenting,Entertainment,Science,Art,Beauty
861,Games,Food,Art,Home,Management
862,Science,Games,Home,Tools,Lifestyle
863,Sports,Technology,Travel,Health,Food
864,Beauty,Management,Books,Music,Environment
865,Health,Food,Parenting,Sales,Sports
866,Photography,Design,Audio,Management,Beauty
867,Home,Tools,Communication,Health,Productivity
868,Fashion,Creativity,Parenting,Art,Video
869,Science,Design,Video,Productivity,Books
870,Art,Educational,Video,Travel,Food
871,Technology,Lifestyle,Audio,Beauty,Books
872,Books,Science,Health,Educational,Parenting
873,Photography,Vehicles,Fashion,Productivity,Audio
874,Lifestyle,Creativity,Educational,Entertainment,Fitness
875,Books,Art,Productivity,Video,Beauty
876,Sales,Environment,Management,Health,Books
877,Books,Photography,Sports,Lifestyle,Video
878,Social,Science,Travel,Management,Lifestyle
879,Tools,Environment,Business,Parenting,Drink
880,Science,Sports,Tools,Home,Entertainment
881,Business,Photography,Music,Communication,Art
882,Health,Business,Games,Sales,Art
883,Parenting,Beauty,Health,Fashion,Fitness
884,Science,Health,Home,Communication,Business
885,Environment,Video,Travel,Home,Technology
886,Health,Beauty,Food,Travel,Books
887,Music,Fashion,Drink,Management,Creativity
888,Creativity,Design,Educational,Productivity,Home
889,Environment,Social,Parenting,Communication,Music
890,Communication,Books,Management,Photography,Environment
891,Games,Lifestyle,Art,Home,Food
892,Audio,Art,Fashion,Tools,Home
893,Art,Educational,Tools,Technology,Vehicles
894,Productivity,Books,Educational,Social,Games
895,Vehicles,Parenting,Lifestyle,Science,Video
896,Communication,Drink,Social,Audio,Management
897,Parenting,Photography,Home,Fashion,Business
898,Productivity,Home,Creativity,Drink,Communication
899,Sales,Audio,Creativity,Books,Technology
900,Fitness,Games,Entertainment,Creativity,Food
901,Parenting,Social,Tools,Business,Audio
902,Environment,Educational,Health,Business,Tools
903,Travel,Parenting,Health,Productivity,Food
904,Technology,Sports,Food,Tools,Home
905,Books,Games,Health,Design,Communication
906,Music,Food,Management,Educational,Entertainment
907,Sales,Parenting,Food,Lifestyle,Creativity
908,Travel,Creativity,Beauty,Games,Science
909,Travel,Health,Fitness,Lifestyle,Drink
910,Photography,Productivity,Social,Art,Sales
911,Health,Entertainment,Photography,Productivity,Vehicles
912,Vehicles,Games,Science,Drink,Audio
913,Audio,Home,Photography,Art,Lifestyle
914,Environment,Music,Vehicles,Art,Business
915,Technology,Art,Social,Health,Fitness
916,Fashion,Business,Art,Audio,Travel
917,Fitness,Food,Photography,Audio,Vehicles
918,Creativity,Music,Fitness,Science,Environment
919,Beauty,Art,Sales,Science,Books
920,Fitness,Music,Vehicles,Art,Home
921,Tools,Vehicles,Books,Health,Food
922,Parenting,Health,Games,Entertainment,Science
923,Photography,Art,Creativity,Video,Sports
924,Entertainment,Science,Vehicles,Communication,Parenting
925,Home,Beauty,Communication,Design,Science
926,Educational,Creativity,Management,Tools,Entertainment
927,Music,Educational,Social,Entertainment,Business
928,Productivity,Design,Technology,Lifestyle,Fashion
929,Drink,Parenting,Beauty,Vehicles,Books
930,Sales,Social,Food,Books,Science
931,Food,Video,Sports,Tools,Beauty
932,Photography,Fashion,Video,Science,Lifestyle
933,Vehicles,Beauty,Art,Fitness,Video
934,Environment,Fashion,Design,Lifestyle,Music
935,Creativity,Lifestyle,Travel,Tools,Books
936,Fashion,Educational,Music,Productivity,Technology
937,Management,Photography,Fashion,Lifestyle,Audio
938,Parenting,Vehicles,Design,Beauty,Fashion
939,Home,Beauty,Productivity,Business,Fitness
940,Food,Drink,Lifestyle,Audio,Environment
941,Fitness,Social,Tools,Travel,Sports
942,Books,Tools,Entertainment,Vehicles,Educational
943,Technology,Sports,Home,Food,Productivity
944,Drink,Art,Parenting,Audio,Environment
945,Parenting,Entertainment,Sales,Video,Drink
946,Games,Parenting,Video,Art,Food
947,Parenting,Photography,Sales,Business,Management
948,Travel,Fitness,Food,Music,Business
949,Tools,Books,Games,Drink,Photography
950,Tools,Audio,Health,Business,Science
951,Fashion,Music,Games,Productivity,Video
952,Lifestyle,Social,Productivity,Business,Fitness
953,Technology,Beauty,Entertainment,Video,Creativity
954,Drink,Photography,Science,Games,Sales
955,Art,Social,Productivity,Creativity,Music
956,Tools,Travel,Creativity,Parenting,Beauty
957,Communication,Travel,Vehicles,Educational,Creativity
958,Management,Sales,Books,Productivity,Beauty
959,Books,Environment,Drink,Management,Home
960,Entertainment,Art,Environment,Games,Communication
961,Environment,Books,Lifestyle,Science,Music
962,Health,Drink,Technology,Photography,Sales
963,Business,Books,Sales,Fitness,Productivity
964,Fitness,Educational,Vehicles,Entertainment,Design
965,Video,Vehicles,Art,Music,Beauty
966,Environment,Photography,Fashion,Parenting,Beauty
967,Management,Books,Games,Social,Home
968,Business,Art,Drink,Games,Creativity
969,Games,Environment,Sales,Sports,Design
970,Music,Vehicles,Environment,Books,Lifestyle
971,Lifestyle,Food,Parenting,Books,Educational
972,Science,Games,Creativity,Fashion,Lifestyle
973,Photography,Home,Productivity,Vehicles,Science
974,Food,Travel,Tools,Environment,Creativity
975,Video,Beauty,Communication,Art,Social
976,Lifestyle,Educational,Photography,Environment,Books
977,Technology,Environment,Audio,Fashion,Travel
978,Health,Photography,Social,Games,Music
979,Sales,Design,Business,Video,Social
980,Productivity,Social,Parenting,Communication,Environment
981,Vehicles,Home,Environment,Social,Audio
982,Photography,Art,Creativity,Design,Productivity
983,Fashion,Video,Social,Fitness,Music
984,Lifestyle,Parenting,Drink,Design,Social
985,Tools,Environment,Entertainment,Creativity,Music
986,Management,Sales,Environment,Health,Audio
987,Sports,Sales,Entertainment,Technology,Art
988,Health,Photography,Communication,Video,Sports
989,Photography,Technology,Sales,Lifestyle,Social
990,Fashion,Parenting,Games,Photography,Video
991,Photography,Fashion,Books,Home,Science
992,Sales,Food,Sports,Health,Fashion
993,Music,Drink,Environment,Management,Social
994,Vehicles,Games,Food,Audio,Productivity
995,Technology,Art,Parenting,Games,Creativity
996,Art,Audio,Drink,Productivity,Management
997,Food,Drink,Health,Lifestyle,Business
998,Productivity,Social,Travel,Design,Art
999,Art,Fashion,Food,Sales,Video
1000,Video,Design,Communication,Art,Fashion
